<?xml version="1.0" encoding="utf-8"?>
<extension version="1.7.0" type="module" method="upgrade">
	<name>MOD_FACEBOOKLIKE</name>
	<author>Martiinkolle.dk</author>
	<creationDate>February 2011</creationDate>
	<copyright>Copyright (C) 2011 Martiinkolle.dk and KMweb.dk. All rights reserved.</copyright>
	<license>http://www.gnu.org/licenses/gpl-2.0.html GNU/GPL</license>
	<authorEmail>martiinkolle@gmail.com</authorEmail>
	<authorUrl>http://martiinkolle.dk</authorUrl>
	<version>1.4.1</version>
	<description>
<![CDATA[
Facebook like button for Joomla 1.7/2.5 by Martiinkolle.dk
]]>
	</description>
	<!-- not working in modules - boring! -->
	<scriptfile>mod_facebooklike.install.php</scriptfile>

	<files>
        <filename module="mod_facebooklike">mod_facebooklike.php</filename>
        <filename>mod_facebooklike.xml</filename>
        <filename>index.html</filename>
        <folder>fields</folder>
        <folder>tmpl</folder>
        <folder>language</folder>
    </files>
    
    <languages folder="language">
		<language tag="en-GB">en-GB/en-GB.mod_facebooklike.ini</language>
		<language tag="en-GB">en-GB/en-GB.mod_facebooklike.sys.ini</language>

		<language tag="da-DK">da-DK/da-DK.mod_facebooklike.ini</language>
	</languages>

	<plugins>
        <plugin folder="plugins" plugin="vombiefacebooklike" name="System - Vombie Facebook Like" group="system" />
    </plugins>

	<config>
		<fields name="params" addfieldpath="/modules/mod_facebooklike/fields">
		<fieldset name="basic">
			<field type="Validation"/>
			<field type="spacer" name="MOD_FACEBOOKLIKE_GENERAL_SETTINGS"/>
			<field type="radio" name="autoDetectUrl" label="MOD_FACEBOOKLIKE_AUTODETECTURL" description="MOD_FACEBOOKLIKE_AUTODETECTURL_DESC" default="1" class="autodetect">
				<option value="1">MOD_FACEBOOKLIKE_SITE_URL</option>
				<option value="2">MOD_FACEBOOKLIKE_INVIDUELLY_PAGE</option>
				<option value="3">MOD_FACEBOOKLIKE_OWN_URL</option>
			</field>
			<field name="url" type="text" label="MOD_FACEBOOKLIKE_FACEBOOK_URL_IF" description="MOD_FACEBOOKLIKE_FACEBOOK_URL_IF_DESC" default="" size="50"/>		
			<field name="width" type="text" label="MOD_FACEBOOKLIKE_WIDTH" description="MOD_FACEBOOKLIKE_DESC_WIDTH" default="100%" size="50"/>
			<field name="height" type="text" label="MOD_FACEBOOKLIKE_HEIGHT" description="MOD_FACEBOOKLIKE_DESC_HEIGHT" default="" size="50"/>		

			<field name="action" type="list" default="1" label="MOD_FACEBOOKLIKE_VERB_LIKE"	description="MOD_FACEBOOKLIKE_DESC_VERB_LIKE">
				<option value="like">MOD_FACEBOOKLIKE_LIKE</option>
				<option value="recommend">MOD_FACEBOOKLIKE_RECOMMEND</option>
			</field>

			<field name="showPictures" type="list" default="1" label="MOD_FACEBOOKLIKE_SHOW_PICTURES" description="MOD_FACEBOOKLIKE_DESC_SHOW_PICTURES">
				<option value="1">MOD_FACEBOOKLIKE_YES</option>
				<option value="0">MOD_FACEBOOKLIKE_NO</option>
			</field>
			<field name="send" type="list" default="1" label="MOD_FACEBOOKLIKE_INCLUDE_SEND" description="MOD_FACEBOOKLIKE_INCLUDE_SEND_DESC">
				<option value="true">MOD_FACEBOOKLIKE_YES</option>
				<option value="false">MOD_FACEBOOKLIKE_NO</option>
			</field>
		</fieldset>

		<fieldset name="advanced">
			<field type="spacer" name="MOD_FACEBOOKLIKE_DESIGN_SETTINGS"/>

			<field name="layout" type="list" default="standard" label="MOD_FACEBOOKLIKE_LAYOUT_STYLE" description="MOD_FACEBOOKLIKE_DESC_LAYOUT_STYLE">
				<option value="standard">Standard</option>
				<option value="box_count">Box_count</option>
				<option value="button_count">Button_count</option>
			</field>
			<field name="colorScheme" type="list"	default="0" label="MOD_FACEBOOKLIKE_COLOR_SCHEME" description="MOD_FACEBOOKLIKE_DESC_COLOR_SCHEME">
				<option value="light">MOD_FACEBOOKLIKE_LIGHT</option>
				<option value="dark">MOD_FACEBOOKLIKE_DARK</option>
			</field>

			<field name="font" type="list" default="arial" label="MOD_FACEBOOKLIKE_FONT" description="">
				<option value="arial">arial</option>
				<option value="lucida+grande">lucida grande</option>
				<option value="segoe+ui">segoe ui</option>
				<option value="tahoma">tahoma</option>
				<option value="trebuchet+ms">trebuchet ms</option>
				<option value="verdana">verdana</option>
			</field>

			<field name="specifict_css" type="textarea" default="" label="MOD_FACEBOOKLIKE_CSS" description="MOD_FACEBOOKLIKE_CSS_DESC" />


			<field name="moduleclass_sfx" type="text" default="" label="COM_MODULES_FIELD_MODULECLASS_SFX_LABEL" description="COM_MODULES_FIELD_MODULECLASS_SFX_LABEL_DESC" />

			<field type="spacer" name="MOD_FACEBOOKLIKE_ADVANCED_SETTINGS"/>

			<field name="loadApi" type="list" default="1" label="MOD_FACEBOOKLIKE_LOAD_XFBML" description="MOD_FACEBOOKLIKE_LOAD_XFBML_DESC">
				<option value="1">MOD_FACEBOOKLIKE_YES</option>
				<option value="0">MOD_FACEBOOKLIKE_NO</option>
			</field>

			<field name="loadAsWhat" type="list" default="3" label="MOD_FACEBOOKLIKE_FACELIKE_LOAD_AS" description="MOD_FACEBOOKLIKE_FACELIKE_DESC_LOAD_AS">
				<option value="1">MOD_FACEBOOKLIKE_IFRAME</option>
				<option value="2">MOD_FACEBOOKLIKE_HTML_5</option>
				<option value="3">MOD_FACEBOOKLIKE_XFBML</option>
			</field>
				
			<field name="httpsOrNot" type="list" default="1" label="MOD_FACEBOOKLIKE_HTTPS_OR_NOT" description="MOD_FACEBOOKLIKE_DESC_HTTPS_OR_NOT">
				<option value="1">Http</option>
				<option value="0">Https</option>
			</field>
			<field name="copyright" type="list" default="1" label="MOD_FACEBOOKLIKE_COPYRIGHT" description="MOD_FACEBOOKLIKE_COPYRIGHT_DESC">
				<option value="1">MOD_FACEBOOKLIKE_YES</option>
				<option value="0">MOD_FACEBOOKLIKE_NO</option>
			</field>				
		</fieldset>
		<fieldset name="opengraph" label="MOD_FACEBOOKLIKE_OPEN_GRAPH" description="MOD_FACEBOOKLIKE_OPENGRAPH" class="opengraph">
			
			<field name="title" type="text" label="MOD_FACEBOOKLIKE_OG_TITLE" description="MOD_FACEBOOKLIKE_OG_TITLE_DESC" />

			<field name="type" type="text" label="MOD_FACEBOOKLIKE_OG_TYPE" description="MOD_FACEBOOKLIKE_OG_TYPE_DESC" />

			<field name="image" type="media" label="MOD_FACEBOOKLIKE_OG_IMAGE" description="MOD_FACEBOOKLIKE_OG_IMAGE_DESC" />
			
			<field name="ogURL" type="text" label="MOD_FACEBOOKLIKE_OG_URL" description="MOD_FACEBOOKLIKE_OG_URL" />

			<field name="sitename" type="text" label="MOD_FACEBOOKLIKE_OG_SITENAME" description="MOD_FACEBOOKLIKE_OG_SITENAME_DESC" />

			<field name="appID" type="text" label="MOD_FACEBOOKLIKE_OG_APPID" description="MOD_FACEBOOKLIKE_OG_APPID_DESC" />

		</fieldset>
		</fields>
	</config>
	<updateservers>
		<server type="collection">http://update.martiinkolle.dk/xml/extensions.xml</server>
	</updateservers>
</extension>